id_cliente,nombre,fecha_registro,pais,ciudad,edad,genero
1,Cliente 1,2020-01-01,Colombia,Arequipa,31,M
2,Cliente 2,2020-01-02,Mexico,Arequipa,48,M
3,Cliente 3,2020-01-03,Peru,Arequipa,41,F
4,Cliente 4,2020-01-04,Colombia,Trujillo,52,M
5,Cliente 5,2020-01-05,Colombia,Arequipa,61,F
6,Cliente 6,2020-01-06,Mexico,Piura,62,F
7,Cliente 7,2020-01-07,Peru,Cusco,51,M
8,Cliente 8,2020-01-08,Peru,Cusco,20,F
9,Cliente 9,2020-01-09,Colombia,Arequipa,54,F
10,Cliente 10,2020-01-10,Chile,Trujillo,60,M
11,Cliente 11,2020-01-11,Colombia,Trujillo,57,F
12,Cliente 12,2020-01-12,Colombia,Piura,43,F
13,Cliente 13,2020-01-13,Colombia,Arequipa,40,M
14,Cliente 14,2020-01-14,Colombia,Cusco,61,M
15,Cliente 15,2020-01-15,Mexico,Trujillo,56,M
16,Cliente 16,2020-01-16,Peru,Arequipa,32,F
17,Cliente 17,2020-01-17,Mexico,Trujillo,66,M
18,Cliente 18,2020-01-18,Mexico,Trujillo,21,F
19,Cliente 19,2020-01-19,Mexico,Cusco,46,F
20,Cliente 20,2020-01-20,Colombia,Lima,39,F
21,Cliente 21,2020-01-21,Chile,Piura,42,F
22,Cliente 22,2020-01-22,Peru,Piura,30,F
23,Cliente 23,2020-01-23,Chile,Cusco,35,F
24,Cliente 24,2020-01-24,Mexico,Trujillo,50,F
25,Cliente 25,2020-01-25,Mexico,Arequipa,33,M
26,Cliente 26,2020-01-26,Chile,Trujillo,62,M
27,Cliente 27,2020-01-27,Chile,Cusco,59,F
28,Cliente 28,2020-01-28,Chile,Piura,61,F
29,Cliente 29,2020-01-29,Mexico,Trujillo,19,M
30,Cliente 30,2020-01-30,Mexico,Piura,52,F
31,Cliente 31,2020-01-31,Peru,Arequipa,59,M
32,Cliente 32,2020-02-01,Peru,Piura,51,M
33,Cliente 33,2020-02-02,Mexico,Piura,47,M
34,Cliente 34,2020-02-03,Chile,Lima,30,F
35,Cliente 35,2020-02-04,Chile,Lima,30,F
36,Cliente 36,2020-02-05,Peru,Lima,35,M
37,Cliente 37,2020-02-06,Mexico,Piura,49,M
38,Cliente 38,2020-02-07,Peru,Cusco,49,M
39,Cliente 39,2020-02-08,Peru,Piura,52,M
40,Cliente 40,2020-02-09,Colombia,Cusco,56,M
41,Cliente 41,2020-02-10,Colombia,Cusco,63,F
42,Cliente 42,2020-02-11,Colombia,Lima,69,M
43,Cliente 43,2020-02-12,Chile,Trujillo,46,F
44,Cliente 44,2020-02-13,Mexico,Arequipa,66,M
45,Cliente 45,2020-02-14,Mexico,Lima,46,F
46,Cliente 46,2020-02-15,Mexico,Lima,61,F
47,Cliente 47,2020-02-16,Mexico,Trujillo,33,F
48,Cliente 48,2020-02-17,Colombia,Arequipa,61,F
49,Cliente 49,2020-02-18,Chile,Piura,64,F
50,Cliente 50,2020-02-19,Chile,Piura,27,F
51,Cliente 51,2020-02-20,Colombia,Lima,47,M
52,Cliente 52,2020-02-21,Chile,Arequipa,42,F
53,Cliente 53,2020-02-22,Colombia,Lima,56,M
54,Cliente 54,2020-02-23,Mexico,Cusco,37,F
55,Cliente 55,2020-02-24,Colombia,Lima,22,F
56,Cliente 56,2020-02-25,Mexico,Lima,18,M
57,Cliente 57,2020-02-26,Mexico,Piura,47,F
58,Cliente 58,2020-02-27,Peru,Piura,66,M
59,Cliente 59,2020-02-28,Colombia,Piura,20,M
60,Cliente 60,2020-02-29,Peru,Cusco,62,M
61,Cliente 61,2020-03-01,Colombia,Piura,31,M
62,Cliente 62,2020-03-02,Colombia,Arequipa,47,F
63,Cliente 63,2020-03-03,Peru,Trujillo,67,F
64,Cliente 64,2020-03-04,Peru,Arequipa,21,M
65,Cliente 65,2020-03-05,Colombia,Arequipa,35,F
66,Cliente 66,2020-03-06,Chile,Piura,54,F
67,Cliente 67,2020-03-07,Mexico,Trujillo,42,M
68,Cliente 68,2020-03-08,Peru,Trujillo,65,F
69,Cliente 69,2020-03-09,Mexico,Trujillo,18,M
70,Cliente 70,2020-03-10,Chile,Cusco,63,M
71,Cliente 71,2020-03-11,Chile,Piura,32,F
72,Cliente 72,2020-03-12,Chile,Trujillo,26,F
73,Cliente 73,2020-03-13,Peru,Cusco,32,F
74,Cliente 74,2020-03-14,Chile,Lima,66,M
75,Cliente 75,2020-03-15,Peru,Lima,41,M
76,Cliente 76,2020-03-16,Chile,Cusco,21,F
77,Cliente 77,2020-03-17,Mexico,Cusco,29,F
78,Cliente 78,2020-03-18,Mexico,Piura,54,F
79,Cliente 79,2020-03-19,Colombia,Piura,54,F
80,Cliente 80,2020-03-20,Mexico,Lima,60,M
81,Cliente 81,2020-03-21,Colombia,Trujillo,23,F
82,Cliente 82,2020-03-22,Mexico,Lima,56,M
83,Cliente 83,2020-03-23,Peru,Trujillo,63,M
84,Cliente 84,2020-03-24,Mexico,Trujillo,41,F
85,Cliente 85,2020-03-25,Colombia,Piura,28,F
86,Cliente 86,2020-03-26,Colombia,Arequipa,30,F
87,Cliente 87,2020-03-27,Chile,Arequipa,51,M
88,Cliente 88,2020-03-28,Peru,Cusco,42,F
89,Cliente 89,2020-03-29,Mexico,Piura,24,F
90,Cliente 90,2020-03-30,Chile,Trujillo,69,M
91,Cliente 91,2020-03-31,Mexico,Arequipa,21,F
92,Cliente 92,2020-04-01,Mexico,Trujillo,25,M
93,Cliente 93,2020-04-02,Chile,Arequipa,37,F
94,Cliente 94,2020-04-03,Chile,Arequipa,46,M
95,Cliente 95,2020-04-04,Chile,Arequipa,68,F
96,Cliente 96,2020-04-05,Chile,Piura,62,F
97,Cliente 97,2020-04-06,Chile,Lima,63,M
98,Cliente 98,2020-04-07,Mexico,Trujillo,27,M
99,Cliente 99,2020-04-08,Chile,Piura,60,F
100,Cliente 100,2020-04-09,Peru,Piura,51,M
101,Cliente 101,2020-04-10,Colombia,Piura,43,M
102,Cliente 102,2020-04-11,Chile,Piura,58,M
103,Cliente 103,2020-04-12,Chile,Piura,66,M
104,Cliente 104,2020-04-13,Mexico,Cusco,20,F
105,Cliente 105,2020-04-14,Chile,Trujillo,23,F
106,Cliente 106,2020-04-15,Chile,Piura,22,M
107,Cliente 107,2020-04-16,Chile,Trujillo,22,M
108,Cliente 108,2020-04-17,Mexico,Cusco,64,M
109,Cliente 109,2020-04-18,Chile,Cusco,40,M
110,Cliente 110,2020-04-19,Colombia,Trujillo,66,F
111,Cliente 111,2020-04-20,Mexico,Arequipa,26,F
112,Cliente 112,2020-04-21,Colombia,Lima,52,M
113,Cliente 113,2020-04-22,Mexico,Arequipa,37,M
114,Cliente 114,2020-04-23,Chile,Arequipa,66,M
115,Cliente 115,2020-04-24,Colombia,Arequipa,59,F
116,Cliente 116,2020-04-25,Mexico,Piura,52,M
117,Cliente 117,2020-04-26,Peru,Cusco,67,F
118,Cliente 118,2020-04-27,Chile,Arequipa,35,M
119,Cliente 119,2020-04-28,Mexico,Cusco,34,F
120,Cliente 120,2020-04-29,Peru,Trujillo,41,M
121,Cliente 121,2020-04-30,Mexico,Lima,20,F
122,Cliente 122,2020-05-01,Peru,Trujillo,49,M
123,Cliente 123,2020-05-02,Chile,Trujillo,52,M
124,Cliente 124,2020-05-03,Colombia,Piura,55,M
125,Cliente 125,2020-05-04,Peru,Lima,30,F
126,Cliente 126,2020-05-05,Mexico,Trujillo,64,M
127,Cliente 127,2020-05-06,Chile,Trujillo,42,F
128,Cliente 128,2020-05-07,Peru,Lima,26,F
129,Cliente 129,2020-05-08,Mexico,Lima,21,M
130,Cliente 130,2020-05-09,Mexico,Trujillo,31,M
131,Cliente 131,2020-05-10,Mexico,Lima,54,M
132,Cliente 132,2020-05-11,Peru,Trujillo,51,F
133,Cliente 133,2020-05-12,Peru,Trujillo,28,M
134,Cliente 134,2020-05-13,Peru,Piura,58,F
135,Cliente 135,2020-05-14,Colombia,Arequipa,20,F
136,Cliente 136,2020-05-15,Peru,Trujillo,45,M
137,Cliente 137,2020-05-16,Peru,Cusco,46,M
138,Cliente 138,2020-05-17,Peru,Arequipa,26,M
139,Cliente 139,2020-05-18,Colombia,Arequipa,20,M
140,Cliente 140,2020-05-19,Peru,Arequipa,42,M
141,Cliente 141,2020-05-20,Mexico,Piura,51,M
142,Cliente 142,2020-05-21,Peru,Trujillo,29,F
143,Cliente 143,2020-05-22,Mexico,Piura,59,F
144,Cliente 144,2020-05-23,Mexico,Trujillo,26,F
145,Cliente 145,2020-05-24,Mexico,Piura,32,M
146,Cliente 146,2020-05-25,Colombia,Piura,57,F
147,Cliente 147,2020-05-26,Colombia,Cusco,42,F
148,Cliente 148,2020-05-27,Colombia,Piura,22,F
149,Cliente 149,2020-05-28,Peru,Lima,28,F
150,Cliente 150,2020-05-29,Mexico,Cusco,51,F
151,Cliente 151,2020-05-30,Colombia,Piura,41,M
152,Cliente 152,2020-05-31,Colombia,Arequipa,32,M
153,Cliente 153,2020-06-01,Peru,Lima,55,F
154,Cliente 154,2020-06-02,Colombia,Lima,25,F
155,Cliente 155,2020-06-03,Peru,Lima,22,F
156,Cliente 156,2020-06-04,Chile,Cusco,65,M
157,Cliente 157,2020-06-05,Colombia,Piura,43,M
158,Cliente 158,2020-06-06,Chile,Piura,35,F
159,Cliente 159,2020-06-07,Peru,Arequipa,23,M
160,Cliente 160,2020-06-08,Mexico,Arequipa,54,M
161,Cliente 161,2020-06-09,Colombia,Lima,65,F
162,Cliente 162,2020-06-10,Peru,Arequipa,30,M
163,Cliente 163,2020-06-11,Mexico,Cusco,45,M
164,Cliente 164,2020-06-12,Mexico,Piura,22,F
165,Cliente 165,2020-06-13,Chile,Lima,30,M
166,Cliente 166,2020-06-14,Peru,Arequipa,34,M
167,Cliente 167,2020-06-15,Mexico,Cusco,67,F
168,Cliente 168,2020-06-16,Colombia,Cusco,57,M
169,Cliente 169,2020-06-17,Colombia,Arequipa,62,M
170,Cliente 170,2020-06-18,Chile,Piura,49,F
171,Cliente 171,2020-06-19,Mexico,Arequipa,46,F
172,Cliente 172,2020-06-20,Peru,Lima,68,F
173,Cliente 173,2020-06-21,Colombia,Arequipa,20,M
174,Cliente 174,2020-06-22,Mexico,Cusco,57,F
175,Cliente 175,2020-06-23,Mexico,Arequipa,51,M
176,Cliente 176,2020-06-24,Chile,Piura,57,F
177,Cliente 177,2020-06-25,Colombia,Trujillo,44,M
178,Cliente 178,2020-06-26,Colombia,Arequipa,30,F
179,Cliente 179,2020-06-27,Peru,Piura,62,F
180,Cliente 180,2020-06-28,Colombia,Piura,50,F
181,Cliente 181,2020-06-29,Peru,Cusco,23,F
182,Cliente 182,2020-06-30,Colombia,Piura,41,M
183,Cliente 183,2020-07-01,Chile,Piura,36,F
184,Cliente 184,2020-07-02,Colombia,Piura,33,F
185,Cliente 185,2020-07-03,Peru,Piura,57,M
186,Cliente 186,2020-07-04,Peru,Lima,45,F
187,Cliente 187,2020-07-05,Chile,Lima,50,M
188,Cliente 188,2020-07-06,Colombia,Cusco,65,F
189,Cliente 189,2020-07-07,Colombia,Arequipa,58,F
190,Cliente 190,2020-07-08,Chile,Piura,30,F
191,Cliente 191,2020-07-09,Colombia,Arequipa,60,M
192,Cliente 192,2020-07-10,Colombia,Arequipa,62,F
193,Cliente 193,2020-07-11,Peru,Cusco,42,F
194,Cliente 194,2020-07-12,Colombia,Piura,59,F
195,Cliente 195,2020-07-13,Colombia,Piura,53,M
196,Cliente 196,2020-07-14,Chile,Trujillo,44,M
197,Cliente 197,2020-07-15,Chile,Arequipa,55,F
198,Cliente 198,2020-07-16,Mexico,Arequipa,24,M
199,Cliente 199,2020-07-17,Peru,Lima,22,F
200,Cliente 200,2020-07-18,Colombia,Trujillo,60,F
201,Cliente 201,2020-07-19,Colombia,Lima,62,F
202,Cliente 202,2020-07-20,Mexico,Lima,68,F
203,Cliente 203,2020-07-21,Colombia,Lima,48,F
204,Cliente 204,2020-07-22,Peru,Cusco,40,F
205,Cliente 205,2020-07-23,Mexico,Cusco,59,F
206,Cliente 206,2020-07-24,Peru,Lima,27,M
207,Cliente 207,2020-07-25,Mexico,Trujillo,49,M
208,Cliente 208,2020-07-26,Mexico,Arequipa,60,M
209,Cliente 209,2020-07-27,Chile,Trujillo,47,M
210,Cliente 210,2020-07-28,Peru,Piura,56,M
211,Cliente 211,2020-07-29,Colombia,Cusco,48,M
212,Cliente 212,2020-07-30,Colombia,Arequipa,35,M
213,Cliente 213,2020-07-31,Peru,Arequipa,53,F
214,Cliente 214,2020-08-01,Colombia,Piura,19,F
215,Cliente 215,2020-08-02,Colombia,Piura,31,F
216,Cliente 216,2020-08-03,Peru,Lima,30,F
217,Cliente 217,2020-08-04,Mexico,Cusco,46,M
218,Cliente 218,2020-08-05,Peru,Cusco,29,M
219,Cliente 219,2020-08-06,Mexico,Trujillo,56,F
220,Cliente 220,2020-08-07,Colombia,Lima,19,F
221,Cliente 221,2020-08-08,Colombia,Lima,49,M
222,Cliente 222,2020-08-09,Colombia,Lima,30,F
223,Cliente 223,2020-08-10,Chile,Lima,63,F
224,Cliente 224,2020-08-11,Mexico,Cusco,44,F
225,Cliente 225,2020-08-12,Chile,Cusco,66,F
226,Cliente 226,2020-08-13,Chile,Lima,58,M
227,Cliente 227,2020-08-14,Peru,Trujillo,34,F
228,Cliente 228,2020-08-15,Chile,Arequipa,57,F
229,Cliente 229,2020-08-16,Peru,Arequipa,48,M
230,Cliente 230,2020-08-17,Peru,Trujillo,51,M
231,Cliente 231,2020-08-18,Chile,Lima,41,F
232,Cliente 232,2020-08-19,Mexico,Cusco,62,M
233,Cliente 233,2020-08-20,Mexico,Arequipa,52,F
234,Cliente 234,2020-08-21,Mexico,Piura,65,F
235,Cliente 235,2020-08-22,Mexico,Piura,23,M
236,Cliente 236,2020-08-23,Mexico,Trujillo,36,F
237,Cliente 237,2020-08-24,Chile,Lima,47,F
238,Cliente 238,2020-08-25,Chile,Arequipa,24,F
239,Cliente 239,2020-08-26,Colombia,Lima,27,F
240,Cliente 240,2020-08-27,Mexico,Arequipa,58,M
241,Cliente 241,2020-08-28,Chile,Trujillo,49,M
242,Cliente 242,2020-08-29,Colombia,Trujillo,51,F
243,Cliente 243,2020-08-30,Mexico,Piura,45,M
244,Cliente 244,2020-08-31,Peru,Lima,32,F
245,Cliente 245,2020-09-01,Colombia,Piura,47,F
246,Cliente 246,2020-09-02,Chile,Lima,54,F
247,Cliente 247,2020-09-03,Peru,Piura,46,F
248,Cliente 248,2020-09-04,Peru,Cusco,39,F
249,Cliente 249,2020-09-05,Peru,Cusco,21,M
250,Cliente 250,2020-09-06,Colombia,Cusco,37,F
251,Cliente 251,2020-09-07,Chile,Cusco,49,M
252,Cliente 252,2020-09-08,Peru,Arequipa,53,M
253,Cliente 253,2020-09-09,Mexico,Cusco,67,F
254,Cliente 254,2020-09-10,Peru,Trujillo,21,F
255,Cliente 255,2020-09-11,Peru,Trujillo,44,F
256,Cliente 256,2020-09-12,Colombia,Arequipa,34,F
257,Cliente 257,2020-09-13,Colombia,Cusco,29,F
258,Cliente 258,2020-09-14,Chile,Cusco,39,M
259,Cliente 259,2020-09-15,Mexico,Cusco,34,F
260,Cliente 260,2020-09-16,Colombia,Piura,27,F
261,Cliente 261,2020-09-17,Peru,Lima,18,M
262,Cliente 262,2020-09-18,Chile,Piura,39,M
263,Cliente 263,2020-09-19,Peru,Lima,43,F
264,Cliente 264,2020-09-20,Peru,Cusco,35,M
265,Cliente 265,2020-09-21,Colombia,Cusco,67,F
266,Cliente 266,2020-09-22,Chile,Piura,31,M
267,Cliente 267,2020-09-23,Mexico,Piura,64,M
268,Cliente 268,2020-09-24,Mexico,Lima,46,F
269,Cliente 269,2020-09-25,Colombia,Trujillo,29,M
270,Cliente 270,2020-09-26,Colombia,Lima,53,M
271,Cliente 271,2020-09-27,Chile,Piura,52,M
272,Cliente 272,2020-09-28,Mexico,Piura,69,M
273,Cliente 273,2020-09-29,Mexico,Arequipa,29,M
274,Cliente 274,2020-09-30,Mexico,Piura,24,M
275,Cliente 275,2020-10-01,Peru,Arequipa,46,F
276,Cliente 276,2020-10-02,Mexico,Trujillo,28,F
277,Cliente 277,2020-10-03,Peru,Lima,50,M
278,Cliente 278,2020-10-04,Chile,Lima,23,F
279,Cliente 279,2020-10-05,Peru,Arequipa,64,F
280,Cliente 280,2020-10-06,Chile,Lima,32,F
281,Cliente 281,2020-10-07,Mexico,Piura,49,M
282,Cliente 282,2020-10-08,Mexico,Cusco,68,F
283,Cliente 283,2020-10-09,Chile,Arequipa,28,M
284,Cliente 284,2020-10-10,Colombia,Lima,40,F
285,Cliente 285,2020-10-11,Chile,Arequipa,43,M
286,Cliente 286,2020-10-12,Colombia,Arequipa,51,M
287,Cliente 287,2020-10-13,Peru,Cusco,63,F
288,Cliente 288,2020-10-14,Peru,Piura,51,F
289,Cliente 289,2020-10-15,Peru,Arequipa,46,M
290,Cliente 290,2020-10-16,Mexico,Lima,21,F
291,Cliente 291,2020-10-17,Peru,Trujillo,34,F
292,Cliente 292,2020-10-18,Colombia,Arequipa,52,F
293,Cliente 293,2020-10-19,Peru,Arequipa,30,M
294,Cliente 294,2020-10-20,Chile,Cusco,58,M
295,Cliente 295,2020-10-21,Chile,Piura,56,F
296,Cliente 296,2020-10-22,Mexico,Trujillo,32,F
297,Cliente 297,2020-10-23,Chile,Lima,46,F
298,Cliente 298,2020-10-24,Colombia,Trujillo,46,M
299,Cliente 299,2020-10-25,Peru,Lima,28,M
300,Cliente 300,2020-10-26,Mexico,Piura,69,F
301,Cliente 301,2020-10-27,Peru,Lima,49,F
302,Cliente 302,2020-10-28,Peru,Cusco,19,F
303,Cliente 303,2020-10-29,Colombia,Cusco,64,F
304,Cliente 304,2020-10-30,Chile,Cusco,31,F
305,Cliente 305,2020-10-31,Chile,Cusco,37,F
306,Cliente 306,2020-11-01,Peru,Trujillo,39,M
307,Cliente 307,2020-11-02,Mexico,Piura,28,F
308,Cliente 308,2020-11-03,Chile,Lima,44,M
309,Cliente 309,2020-11-04,Mexico,Lima,20,F
310,Cliente 310,2020-11-05,Chile,Cusco,34,F
311,Cliente 311,2020-11-06,Mexico,Cusco,61,M
312,Cliente 312,2020-11-07,Colombia,Arequipa,45,M
313,Cliente 313,2020-11-08,Mexico,Piura,46,M
314,Cliente 314,2020-11-09,Colombia,Trujillo,38,M
315,Cliente 315,2020-11-10,Colombia,Lima,64,F
316,Cliente 316,2020-11-11,Mexico,Arequipa,33,M
317,Cliente 317,2020-11-12,Colombia,Arequipa,54,F
318,Cliente 318,2020-11-13,Peru,Lima,37,M
319,Cliente 319,2020-11-14,Colombia,Trujillo,23,F
320,Cliente 320,2020-11-15,Chile,Arequipa,36,F
321,Cliente 321,2020-11-16,Mexico,Arequipa,22,F
322,Cliente 322,2020-11-17,Peru,Piura,20,F
323,Cliente 323,2020-11-18,Mexico,Trujillo,18,F
324,Cliente 324,2020-11-19,Chile,Arequipa,55,F
325,Cliente 325,2020-11-20,Chile,Trujillo,32,M
326,Cliente 326,2020-11-21,Chile,Lima,51,F
327,Cliente 327,2020-11-22,Colombia,Cusco,52,M
328,Cliente 328,2020-11-23,Colombia,Arequipa,66,M
329,Cliente 329,2020-11-24,Mexico,Piura,42,F
330,Cliente 330,2020-11-25,Mexico,Lima,41,M
331,Cliente 331,2020-11-26,Peru,Trujillo,29,F
332,Cliente 332,2020-11-27,Peru,Lima,35,M
333,Cliente 333,2020-11-28,Mexico,Arequipa,32,F
334,Cliente 334,2020-11-29,Colombia,Trujillo,61,M
335,Cliente 335,2020-11-30,Chile,Cusco,33,F
336,Cliente 336,2020-12-01,Mexico,Lima,44,F
337,Cliente 337,2020-12-02,Peru,Arequipa,25,F
338,Cliente 338,2020-12-03,Colombia,Piura,63,F
339,Cliente 339,2020-12-04,Mexico,Trujillo,42,M
340,Cliente 340,2020-12-05,Mexico,Lima,34,F
341,Cliente 341,2020-12-06,Colombia,Lima,46,M
342,Cliente 342,2020-12-07,Mexico,Cusco,25,M
343,Cliente 343,2020-12-08,Colombia,Cusco,32,M
344,Cliente 344,2020-12-09,Chile,Piura,44,F
345,Cliente 345,2020-12-10,Colombia,Piura,63,M
346,Cliente 346,2020-12-11,Colombia,Arequipa,67,M
347,Cliente 347,2020-12-12,Colombia,Arequipa,69,M
348,Cliente 348,2020-12-13,Mexico,Piura,24,F
349,Cliente 349,2020-12-14,Mexico,Piura,20,F
350,Cliente 350,2020-12-15,Colombia,Trujillo,46,M
351,Cliente 351,2020-12-16,Mexico,Cusco,61,F
352,Cliente 352,2020-12-17,Peru,Arequipa,41,F
353,Cliente 353,2020-12-18,Peru,Cusco,20,M
354,Cliente 354,2020-12-19,Mexico,Cusco,37,M
355,Cliente 355,2020-12-20,Mexico,Piura,63,F
356,Cliente 356,2020-12-21,Colombia,Trujillo,32,M
357,Cliente 357,2020-12-22,Chile,Lima,42,F
358,Cliente 358,2020-12-23,Mexico,Trujillo,47,F
359,Cliente 359,2020-12-24,Peru,Trujillo,31,F
360,Cliente 360,2020-12-25,Colombia,Cusco,24,F
361,Cliente 361,2020-12-26,Mexico,Trujillo,34,F
362,Cliente 362,2020-12-27,Peru,Arequipa,61,F
363,Cliente 363,2020-12-28,Peru,Cusco,37,M
364,Cliente 364,2020-12-29,Chile,Arequipa,53,M
365,Cliente 365,2020-12-30,Colombia,Lima,26,F
366,Cliente 366,2020-12-31,Colombia,Cusco,55,F
367,Cliente 367,2021-01-01,Chile,Lima,65,F
368,Cliente 368,2021-01-02,Chile,Cusco,39,M
369,Cliente 369,2021-01-03,Colombia,Piura,19,F
370,Cliente 370,2021-01-04,Colombia,Trujillo,41,M
371,Cliente 371,2021-01-05,Mexico,Piura,25,F
372,Cliente 372,2021-01-06,Mexico,Lima,28,F
373,Cliente 373,2021-01-07,Chile,Trujillo,30,M
374,Cliente 374,2021-01-08,Mexico,Cusco,34,M
375,Cliente 375,2021-01-09,Peru,Trujillo,25,F
376,Cliente 376,2021-01-10,Mexico,Arequipa,38,F
377,Cliente 377,2021-01-11,Mexico,Trujillo,35,F
378,Cliente 378,2021-01-12,Peru,Arequipa,47,M
379,Cliente 379,2021-01-13,Chile,Trujillo,35,M
380,Cliente 380,2021-01-14,Peru,Arequipa,63,M
381,Cliente 381,2021-01-15,Mexico,Lima,64,M
382,Cliente 382,2021-01-16,Chile,Piura,48,M
383,Cliente 383,2021-01-17,Mexico,Cusco,55,M
384,Cliente 384,2021-01-18,Peru,Trujillo,49,F
385,Cliente 385,2021-01-19,Peru,Piura,28,F
386,Cliente 386,2021-01-20,Mexico,Cusco,62,M
387,Cliente 387,2021-01-21,Colombia,Cusco,42,F
388,Cliente 388,2021-01-22,Colombia,Arequipa,50,F
389,Cliente 389,2021-01-23,Peru,Lima,55,M
390,Cliente 390,2021-01-24,Peru,Lima,58,F
391,Cliente 391,2021-01-25,Colombia,Piura,25,M
392,Cliente 392,2021-01-26,Colombia,Lima,28,M
393,Cliente 393,2021-01-27,Mexico,Trujillo,39,F
394,Cliente 394,2021-01-28,Mexico,Lima,68,M
395,Cliente 395,2021-01-29,Colombia,Piura,41,M
396,Cliente 396,2021-01-30,Mexico,Lima,58,M
397,Cliente 397,2021-01-31,Mexico,Trujillo,34,M
398,Cliente 398,2021-02-01,Chile,Arequipa,29,M
399,Cliente 399,2021-02-02,Mexico,Piura,63,M
400,Cliente 400,2021-02-03,Peru,Arequipa,49,M
401,Cliente 401,2021-02-04,Mexico,Arequipa,32,M
402,Cliente 402,2021-02-05,Mexico,Arequipa,33,F
403,Cliente 403,2021-02-06,Colombia,Cusco,39,F
404,Cliente 404,2021-02-07,Peru,Cusco,45,F
405,Cliente 405,2021-02-08,Mexico,Arequipa,37,M
406,Cliente 406,2021-02-09,Mexico,Piura,50,M
407,Cliente 407,2021-02-10,Chile,Trujillo,27,F
408,Cliente 408,2021-02-11,Mexico,Trujillo,57,F
409,Cliente 409,2021-02-12,Mexico,Lima,49,F
410,Cliente 410,2021-02-13,Chile,Piura,67,M
411,Cliente 411,2021-02-14,Colombia,Cusco,50,F
412,Cliente 412,2021-02-15,Mexico,Arequipa,19,F
413,Cliente 413,2021-02-16,Chile,Lima,50,M
414,Cliente 414,2021-02-17,Peru,Trujillo,50,F
415,Cliente 415,2021-02-18,Colombia,Cusco,58,M
416,Cliente 416,2021-02-19,Peru,Cusco,30,M
417,Cliente 417,2021-02-20,Peru,Arequipa,47,M
418,Cliente 418,2021-02-21,Chile,Trujillo,50,F
419,Cliente 419,2021-02-22,Mexico,Piura,30,F
420,Cliente 420,2021-02-23,Chile,Cusco,69,M
421,Cliente 421,2021-02-24,Chile,Arequipa,43,F
422,Cliente 422,2021-02-25,Chile,Piura,39,F
423,Cliente 423,2021-02-26,Chile,Trujillo,56,F
424,Cliente 424,2021-02-27,Colombia,Cusco,19,F
425,Cliente 425,2021-02-28,Mexico,Piura,55,M
426,Cliente 426,2021-03-01,Peru,Piura,56,F
427,Cliente 427,2021-03-02,Peru,Piura,43,M
428,Cliente 428,2021-03-03,Mexico,Cusco,63,M
429,Cliente 429,2021-03-04,Peru,Cusco,67,F
430,Cliente 430,2021-03-05,Mexico,Lima,32,M
431,Cliente 431,2021-03-06,Peru,Trujillo,51,F
432,Cliente 432,2021-03-07,Chile,Arequipa,59,F
433,Cliente 433,2021-03-08,Peru,Piura,61,M
434,Cliente 434,2021-03-09,Mexico,Lima,66,M
435,Cliente 435,2021-03-10,Mexico,Arequipa,57,M
436,Cliente 436,2021-03-11,Mexico,Lima,28,M
437,Cliente 437,2021-03-12,Mexico,Cusco,20,F
438,Cliente 438,2021-03-13,Mexico,Piura,23,F
439,Cliente 439,2021-03-14,Colombia,Arequipa,26,F
440,Cliente 440,2021-03-15,Colombia,Arequipa,23,M
441,Cliente 441,2021-03-16,Peru,Arequipa,26,M
442,Cliente 442,2021-03-17,Mexico,Arequipa,56,M
443,Cliente 443,2021-03-18,Peru,Arequipa,48,F
444,Cliente 444,2021-03-19,Mexico,Lima,49,M
445,Cliente 445,2021-03-20,Mexico,Piura,58,F
446,Cliente 446,2021-03-21,Colombia,Cusco,67,M
447,Cliente 447,2021-03-22,Colombia,Cusco,29,F
448,Cliente 448,2021-03-23,Chile,Cusco,25,F
449,Cliente 449,2021-03-24,Colombia,Cusco,25,M
450,Cliente 450,2021-03-25,Chile,Lima,67,M
451,Cliente 451,2021-03-26,Chile,Trujillo,45,F
452,Cliente 452,2021-03-27,Chile,Piura,37,F
453,Cliente 453,2021-03-28,Chile,Arequipa,64,M
454,Cliente 454,2021-03-29,Chile,Trujillo,24,M
455,Cliente 455,2021-03-30,Peru,Cusco,28,F
456,Cliente 456,2021-03-31,Colombia,Trujillo,37,M
457,Cliente 457,2021-04-01,Chile,Piura,33,F
458,Cliente 458,2021-04-02,Mexico,Arequipa,21,F
459,Cliente 459,2021-04-03,Colombia,Arequipa,23,M
460,Cliente 460,2021-04-04,Colombia,Piura,39,M
461,Cliente 461,2021-04-05,Chile,Piura,43,M
462,Cliente 462,2021-04-06,Peru,Cusco,20,M
463,Cliente 463,2021-04-07,Chile,Arequipa,58,M
464,Cliente 464,2021-04-08,Peru,Trujillo,59,F
465,Cliente 465,2021-04-09,Mexico,Lima,31,F
466,Cliente 466,2021-04-10,Colombia,Lima,28,M
467,Cliente 467,2021-04-11,Mexico,Piura,35,M
468,Cliente 468,2021-04-12,Peru,Cusco,29,M
469,Cliente 469,2021-04-13,Peru,Lima,40,F
470,Cliente 470,2021-04-14,Mexico,Arequipa,29,M
471,Cliente 471,2021-04-15,Peru,Piura,30,M
472,Cliente 472,2021-04-16,Mexico,Trujillo,42,F
473,Cliente 473,2021-04-17,Colombia,Piura,62,F
474,Cliente 474,2021-04-18,Mexico,Trujillo,68,M
475,Cliente 475,2021-04-19,Colombia,Piura,36,M
476,Cliente 476,2021-04-20,Mexico,Piura,63,M
477,Cliente 477,2021-04-21,Peru,Piura,53,F
478,Cliente 478,2021-04-22,Mexico,Trujillo,62,M
479,Cliente 479,2021-04-23,Peru,Trujillo,25,M
480,Cliente 480,2021-04-24,Mexico,Piura,46,M
481,Cliente 481,2021-04-25,Mexico,Lima,49,F
482,Cliente 482,2021-04-26,Chile,Cusco,68,F
483,Cliente 483,2021-04-27,Peru,Cusco,61,M
484,Cliente 484,2021-04-28,Chile,Cusco,35,M
485,Cliente 485,2021-04-29,Peru,Trujillo,23,F
486,Cliente 486,2021-04-30,Chile,Trujillo,35,F
487,Cliente 487,2021-05-01,Colombia,Lima,36,F
488,Cliente 488,2021-05-02,Mexico,Cusco,39,F
489,Cliente 489,2021-05-03,Peru,Cusco,54,F
490,Cliente 490,2021-05-04,Peru,Piura,49,F
491,Cliente 491,2021-05-05,Mexico,Trujillo,58,F
492,Cliente 492,2021-05-06,Peru,Cusco,20,F
493,Cliente 493,2021-05-07,Peru,Lima,45,F
494,Cliente 494,2021-05-08,Chile,Lima,27,M
495,Cliente 495,2021-05-09,Peru,Cusco,68,M
496,Cliente 496,2021-05-10,Colombia,Trujillo,52,M
497,Cliente 497,2021-05-11,Colombia,Lima,46,F
498,Cliente 498,2021-05-12,Mexico,Piura,32,M
499,Cliente 499,2021-05-13,Peru,Lima,50,F
500,Cliente 500,2021-05-14,Mexico,Arequipa,24,F
501,Cliente 501,2021-05-15,Colombia,Arequipa,29,M
502,Cliente 502,2021-05-16,Peru,Trujillo,66,F
503,Cliente 503,2021-05-17,Peru,Cusco,47,M
504,Cliente 504,2021-05-18,Mexico,Trujillo,38,M
505,Cliente 505,2021-05-19,Colombia,Trujillo,48,M
506,Cliente 506,2021-05-20,Peru,Trujillo,41,F
507,Cliente 507,2021-05-21,Mexico,Trujillo,37,M
508,Cliente 508,2021-05-22,Colombia,Piura,54,F
509,Cliente 509,2021-05-23,Mexico,Piura,21,M
510,Cliente 510,2021-05-24,Chile,Lima,45,M
511,Cliente 511,2021-05-25,Peru,Arequipa,61,M
512,Cliente 512,2021-05-26,Chile,Trujillo,37,F
513,Cliente 513,2021-05-27,Colombia,Lima,41,F
514,Cliente 514,2021-05-28,Chile,Arequipa,67,F
515,Cliente 515,2021-05-29,Chile,Cusco,66,M
516,Cliente 516,2021-05-30,Colombia,Piura,68,M
517,Cliente 517,2021-05-31,Mexico,Arequipa,49,F
518,Cliente 518,2021-06-01,Chile,Cusco,58,F
519,Cliente 519,2021-06-02,Mexico,Arequipa,53,F
520,Cliente 520,2021-06-03,Chile,Piura,51,F
521,Cliente 521,2021-06-04,Mexico,Piura,53,F
522,Cliente 522,2021-06-05,Colombia,Lima,19,F
523,Cliente 523,2021-06-06,Chile,Trujillo,32,M
524,Cliente 524,2021-06-07,Colombia,Arequipa,51,F
525,Cliente 525,2021-06-08,Chile,Arequipa,53,M
526,Cliente 526,2021-06-09,Colombia,Cusco,23,M
527,Cliente 527,2021-06-10,Colombia,Piura,56,F
528,Cliente 528,2021-06-11,Chile,Arequipa,59,F
529,Cliente 529,2021-06-12,Chile,Piura,68,M
530,Cliente 530,2021-06-13,Chile,Arequipa,68,F
531,Cliente 531,2021-06-14,Peru,Lima,29,F
532,Cliente 532,2021-06-15,Mexico,Trujillo,20,M
533,Cliente 533,2021-06-16,Peru,Arequipa,62,M
534,Cliente 534,2021-06-17,Peru,Piura,35,M
535,Cliente 535,2021-06-18,Colombia,Lima,57,F
536,Cliente 536,2021-06-19,Chile,Arequipa,38,M
537,Cliente 537,2021-06-20,Mexico,Cusco,32,F
538,Cliente 538,2021-06-21,Colombia,Trujillo,50,M
539,Cliente 539,2021-06-22,Peru,Arequipa,52,M
540,Cliente 540,2021-06-23,Chile,Lima,43,M
541,Cliente 541,2021-06-24,Colombia,Cusco,25,F
542,Cliente 542,2021-06-25,Chile,Lima,53,F
543,Cliente 543,2021-06-26,Colombia,Lima,65,M
544,Cliente 544,2021-06-27,Chile,Cusco,47,M
545,Cliente 545,2021-06-28,Peru,Lima,40,M
546,Cliente 546,2021-06-29,Mexico,Cusco,59,F
547,Cliente 547,2021-06-30,Peru,Arequipa,61,M
548,Cliente 548,2021-07-01,Mexico,Cusco,31,F
549,Cliente 549,2021-07-02,Chile,Cusco,31,M
550,Cliente 550,2021-07-03,Colombia,Trujillo,19,M
551,Cliente 551,2021-07-04,Peru,Cusco,54,M
552,Cliente 552,2021-07-05,Mexico,Cusco,22,M
553,Cliente 553,2021-07-06,Peru,Arequipa,55,M
554,Cliente 554,2021-07-07,Mexico,Trujillo,62,M
555,Cliente 555,2021-07-08,Peru,Piura,58,F
556,Cliente 556,2021-07-09,Mexico,Arequipa,64,M
557,Cliente 557,2021-07-10,Mexico,Arequipa,31,F
558,Cliente 558,2021-07-11,Chile,Piura,56,M
559,Cliente 559,2021-07-12,Mexico,Cusco,42,M
560,Cliente 560,2021-07-13,Chile,Lima,37,F
561,Cliente 561,2021-07-14,Mexico,Trujillo,19,M
562,Cliente 562,2021-07-15,Colombia,Lima,56,F
563,Cliente 563,2021-07-16,Colombia,Piura,23,F
564,Cliente 564,2021-07-17,Colombia,Arequipa,34,M
565,Cliente 565,2021-07-18,Mexico,Arequipa,42,F
566,Cliente 566,2021-07-19,Chile,Trujillo,45,F
567,Cliente 567,2021-07-20,Chile,Arequipa,19,M
568,Cliente 568,2021-07-21,Mexico,Arequipa,52,F
569,Cliente 569,2021-07-22,Colombia,Trujillo,54,M
570,Cliente 570,2021-07-23,Colombia,Trujillo,22,M
571,Cliente 571,2021-07-24,Chile,Piura,18,M
572,Cliente 572,2021-07-25,Colombia,Arequipa,57,M
573,Cliente 573,2021-07-26,Peru,Arequipa,29,F
574,Cliente 574,2021-07-27,Chile,Piura,53,M
575,Cliente 575,2021-07-28,Colombia,Cusco,62,M
576,Cliente 576,2021-07-29,Chile,Cusco,40,F
577,Cliente 577,2021-07-30,Peru,Cusco,64,M
578,Cliente 578,2021-07-31,Chile,Piura,48,M
579,Cliente 579,2021-08-01,Chile,Arequipa,28,F
580,Cliente 580,2021-08-02,Chile,Piura,27,F
581,Cliente 581,2021-08-03,Chile,Piura,20,F
582,Cliente 582,2021-08-04,Peru,Cusco,31,F
583,Cliente 583,2021-08-05,Mexico,Lima,33,F
584,Cliente 584,2021-08-06,Chile,Arequipa,27,F
585,Cliente 585,2021-08-07,Chile,Cusco,46,F
586,Cliente 586,2021-08-08,Colombia,Lima,27,M
587,Cliente 587,2021-08-09,Chile,Lima,29,F
588,Cliente 588,2021-08-10,Colombia,Trujillo,47,F
589,Cliente 589,2021-08-11,Mexico,Arequipa,58,F
590,Cliente 590,2021-08-12,Peru,Lima,18,M
591,Cliente 591,2021-08-13,Peru,Cusco,22,M
592,Cliente 592,2021-08-14,Mexico,Trujillo,37,F
593,Cliente 593,2021-08-15,Peru,Arequipa,25,F
594,Cliente 594,2021-08-16,Mexico,Piura,60,F
595,Cliente 595,2021-08-17,Mexico,Cusco,29,M
596,Cliente 596,2021-08-18,Mexico,Lima,18,M
597,Cliente 597,2021-08-19,Peru,Lima,37,F
598,Cliente 598,2021-08-20,Colombia,Cusco,45,M
599,Cliente 599,2021-08-21,Mexico,Lima,60,F
600,Cliente 600,2021-08-22,Chile,Trujillo,54,M
601,Cliente 601,2021-08-23,Peru,Arequipa,64,M
602,Cliente 602,2021-08-24,Mexico,Trujillo,54,F
603,Cliente 603,2021-08-25,Mexico,Lima,29,F
604,Cliente 604,2021-08-26,Chile,Piura,54,F
605,Cliente 605,2021-08-27,Colombia,Arequipa,66,F
606,Cliente 606,2021-08-28,Colombia,Arequipa,66,M
607,Cliente 607,2021-08-29,Colombia,Cusco,61,M
608,Cliente 608,2021-08-30,Mexico,Cusco,45,M
609,Cliente 609,2021-08-31,Mexico,Piura,64,F
610,Cliente 610,2021-09-01,Mexico,Arequipa,32,M
611,Cliente 611,2021-09-02,Peru,Piura,23,F
612,Cliente 612,2021-09-03,Chile,Cusco,61,M
613,Cliente 613,2021-09-04,Mexico,Cusco,37,F
614,Cliente 614,2021-09-05,Chile,Arequipa,67,F
615,Cliente 615,2021-09-06,Chile,Trujillo,31,M
616,Cliente 616,2021-09-07,Colombia,Lima,19,F
617,Cliente 617,2021-09-08,Peru,Cusco,26,F
618,Cliente 618,2021-09-09,Mexico,Cusco,54,M
619,Cliente 619,2021-09-10,Colombia,Trujillo,37,F
620,Cliente 620,2021-09-11,Colombia,Trujillo,43,F
621,Cliente 621,2021-09-12,Mexico,Piura,46,F
622,Cliente 622,2021-09-13,Chile,Piura,18,M
623,Cliente 623,2021-09-14,Colombia,Lima,52,M
624,Cliente 624,2021-09-15,Chile,Lima,23,F
625,Cliente 625,2021-09-16,Peru,Arequipa,54,M
626,Cliente 626,2021-09-17,Chile,Piura,22,F
627,Cliente 627,2021-09-18,Peru,Cusco,50,F
628,Cliente 628,2021-09-19,Chile,Piura,66,F
629,Cliente 629,2021-09-20,Colombia,Cusco,68,F
630,Cliente 630,2021-09-21,Colombia,Trujillo,31,F
631,Cliente 631,2021-09-22,Peru,Piura,29,M
632,Cliente 632,2021-09-23,Mexico,Trujillo,59,F
633,Cliente 633,2021-09-24,Peru,Lima,37,M
634,Cliente 634,2021-09-25,Peru,Lima,67,M
635,Cliente 635,2021-09-26,Chile,Arequipa,41,F
636,Cliente 636,2021-09-27,Chile,Piura,60,F
637,Cliente 637,2021-09-28,Peru,Trujillo,51,M
638,Cliente 638,2021-09-29,Colombia,Cusco,42,M
639,Cliente 639,2021-09-30,Chile,Lima,67,M
640,Cliente 640,2021-10-01,Mexico,Lima,46,F
641,Cliente 641,2021-10-02,Chile,Cusco,56,M
642,Cliente 642,2021-10-03,Chile,Trujillo,48,F
643,Cliente 643,2021-10-04,Mexico,Trujillo,64,F
644,Cliente 644,2021-10-05,Peru,Piura,60,F
645,Cliente 645,2021-10-06,Mexico,Piura,67,M
646,Cliente 646,2021-10-07,Peru,Arequipa,40,F
647,Cliente 647,2021-10-08,Peru,Lima,61,F
648,Cliente 648,2021-10-09,Peru,Piura,55,F
649,Cliente 649,2021-10-10,Mexico,Trujillo,37,F
650,Cliente 650,2021-10-11,Peru,Cusco,40,F
651,Cliente 651,2021-10-12,Colombia,Trujillo,62,M
652,Cliente 652,2021-10-13,Mexico,Lima,69,F
653,Cliente 653,2021-10-14,Colombia,Trujillo,33,F
654,Cliente 654,2021-10-15,Peru,Arequipa,67,M
655,Cliente 655,2021-10-16,Chile,Lima,59,F
656,Cliente 656,2021-10-17,Peru,Cusco,25,M
657,Cliente 657,2021-10-18,Colombia,Arequipa,67,F
658,Cliente 658,2021-10-19,Colombia,Lima,38,M
659,Cliente 659,2021-10-20,Mexico,Cusco,18,M
660,Cliente 660,2021-10-21,Chile,Arequipa,25,F
661,Cliente 661,2021-10-22,Mexico,Arequipa,46,F
662,Cliente 662,2021-10-23,Colombia,Lima,49,F
663,Cliente 663,2021-10-24,Peru,Piura,55,M
664,Cliente 664,2021-10-25,Chile,Arequipa,22,M
665,Cliente 665,2021-10-26,Peru,Arequipa,64,M
666,Cliente 666,2021-10-27,Peru,Cusco,39,F
667,Cliente 667,2021-10-28,Chile,Trujillo,64,M
668,Cliente 668,2021-10-29,Mexico,Lima,51,M
669,Cliente 669,2021-10-30,Peru,Lima,18,F
670,Cliente 670,2021-10-31,Colombia,Piura,43,M
671,Cliente 671,2021-11-01,Peru,Piura,60,M
672,Cliente 672,2021-11-02,Chile,Lima,27,F
673,Cliente 673,2021-11-03,Chile,Piura,47,M
674,Cliente 674,2021-11-04,Chile,Cusco,67,F
675,Cliente 675,2021-11-05,Mexico,Lima,35,F
676,Cliente 676,2021-11-06,Peru,Piura,34,F
677,Cliente 677,2021-11-07,Mexico,Lima,43,F
678,Cliente 678,2021-11-08,Mexico,Trujillo,25,F
679,Cliente 679,2021-11-09,Chile,Arequipa,64,M
680,Cliente 680,2021-11-10,Chile,Lima,57,M
681,Cliente 681,2021-11-11,Mexico,Arequipa,66,F
682,Cliente 682,2021-11-12,Peru,Piura,29,F
683,Cliente 683,2021-11-13,Colombia,Arequipa,44,M
684,Cliente 684,2021-11-14,Mexico,Lima,25,F
685,Cliente 685,2021-11-15,Peru,Trujillo,42,F
686,Cliente 686,2021-11-16,Chile,Piura,63,F
687,Cliente 687,2021-11-17,Chile,Lima,21,M
688,Cliente 688,2021-11-18,Peru,Piura,50,M
689,Cliente 689,2021-11-19,Colombia,Cusco,18,F
690,Cliente 690,2021-11-20,Chile,Arequipa,36,F
691,Cliente 691,2021-11-21,Chile,Cusco,48,M
692,Cliente 692,2021-11-22,Chile,Lima,33,M
693,Cliente 693,2021-11-23,Peru,Trujillo,31,F
694,Cliente 694,2021-11-24,Mexico,Piura,65,F
695,Cliente 695,2021-11-25,Chile,Arequipa,22,M
696,Cliente 696,2021-11-26,Mexico,Piura,58,M
697,Cliente 697,2021-11-27,Colombia,Lima,43,M
698,Cliente 698,2021-11-28,Chile,Piura,45,F
699,Cliente 699,2021-11-29,Chile,Arequipa,19,M
700,Cliente 700,2021-11-30,Colombia,Lima,67,F
701,Cliente 701,2021-12-01,Chile,Piura,23,M
702,Cliente 702,2021-12-02,Mexico,Trujillo,26,M
703,Cliente 703,2021-12-03,Peru,Lima,50,M
704,Cliente 704,2021-12-04,Mexico,Lima,58,M
705,Cliente 705,2021-12-05,Peru,Trujillo,42,F
706,Cliente 706,2021-12-06,Peru,Cusco,65,F
707,Cliente 707,2021-12-07,Mexico,Arequipa,30,M
708,Cliente 708,2021-12-08,Mexico,Cusco,26,F
709,Cliente 709,2021-12-09,Mexico,Piura,30,M
710,Cliente 710,2021-12-10,Mexico,Trujillo,48,M
711,Cliente 711,2021-12-11,Colombia,Cusco,58,M
712,Cliente 712,2021-12-12,Chile,Lima,28,M
713,Cliente 713,2021-12-13,Peru,Piura,21,F
714,Cliente 714,2021-12-14,Mexico,Piura,51,M
715,Cliente 715,2021-12-15,Mexico,Cusco,55,M
716,Cliente 716,2021-12-16,Mexico,Cusco,63,F
717,Cliente 717,2021-12-17,Colombia,Trujillo,21,M
718,Cliente 718,2021-12-18,Mexico,Arequipa,55,M
719,Cliente 719,2021-12-19,Mexico,Cusco,36,M
720,Cliente 720,2021-12-20,Mexico,Cusco,23,F
721,Cliente 721,2021-12-21,Chile,Lima,51,M
722,Cliente 722,2021-12-22,Colombia,Piura,35,F
723,Cliente 723,2021-12-23,Mexico,Arequipa,30,M
724,Cliente 724,2021-12-24,Peru,Lima,58,M
725,Cliente 725,2021-12-25,Peru,Trujillo,40,F
726,Cliente 726,2021-12-26,Peru,Trujillo,36,M
727,Cliente 727,2021-12-27,Colombia,Cusco,62,M
728,Cliente 728,2021-12-28,Colombia,Cusco,28,F
729,Cliente 729,2021-12-29,Peru,Trujillo,18,F
730,Cliente 730,2021-12-30,Mexico,Cusco,41,F
731,Cliente 731,2021-12-31,Colombia,Arequipa,24,F
732,Cliente 732,2022-01-01,Peru,Cusco,42,F
733,Cliente 733,2022-01-02,Peru,Piura,38,M
734,Cliente 734,2022-01-03,Mexico,Cusco,32,F
735,Cliente 735,2022-01-04,Chile,Lima,18,M
736,Cliente 736,2022-01-05,Colombia,Arequipa,29,M
737,Cliente 737,2022-01-06,Mexico,Lima,24,M
738,Cliente 738,2022-01-07,Peru,Lima,32,F
739,Cliente 739,2022-01-08,Peru,Piura,38,F
740,Cliente 740,2022-01-09,Mexico,Arequipa,36,M
741,Cliente 741,2022-01-10,Colombia,Arequipa,46,F
742,Cliente 742,2022-01-11,Chile,Arequipa,42,F
743,Cliente 743,2022-01-12,Chile,Arequipa,50,F
744,Cliente 744,2022-01-13,Peru,Arequipa,66,F
745,Cliente 745,2022-01-14,Colombia,Piura,49,M
746,Cliente 746,2022-01-15,Chile,Cusco,66,M
747,Cliente 747,2022-01-16,Colombia,Lima,52,F
748,Cliente 748,2022-01-17,Colombia,Arequipa,61,M
749,Cliente 749,2022-01-18,Peru,Cusco,55,F
750,Cliente 750,2022-01-19,Chile,Cusco,43,F
751,Cliente 751,2022-01-20,Mexico,Lima,28,M
752,Cliente 752,2022-01-21,Peru,Piura,52,M
753,Cliente 753,2022-01-22,Chile,Trujillo,25,M
754,Cliente 754,2022-01-23,Chile,Trujillo,63,F
755,Cliente 755,2022-01-24,Chile,Cusco,31,M
756,Cliente 756,2022-01-25,Chile,Lima,27,F
757,Cliente 757,2022-01-26,Chile,Trujillo,19,M
758,Cliente 758,2022-01-27,Colombia,Cusco,63,M
759,Cliente 759,2022-01-28,Peru,Piura,26,F
760,Cliente 760,2022-01-29,Colombia,Trujillo,20,F
761,Cliente 761,2022-01-30,Mexico,Cusco,38,F
762,Cliente 762,2022-01-31,Chile,Cusco,43,F
763,Cliente 763,2022-02-01,Peru,Arequipa,25,F
764,Cliente 764,2022-02-02,Chile,Piura,65,F
765,Cliente 765,2022-02-03,Peru,Arequipa,19,F
766,Cliente 766,2022-02-04,Colombia,Lima,23,F
767,Cliente 767,2022-02-05,Peru,Arequipa,45,M
768,Cliente 768,2022-02-06,Mexico,Arequipa,46,F
769,Cliente 769,2022-02-07,Mexico,Trujillo,43,F
770,Cliente 770,2022-02-08,Peru,Cusco,42,M
771,Cliente 771,2022-02-09,Peru,Piura,29,F
772,Cliente 772,2022-02-10,Peru,Arequipa,22,M
773,Cliente 773,2022-02-11,Peru,Piura,51,M
774,Cliente 774,2022-02-12,Mexico,Arequipa,65,F
775,Cliente 775,2022-02-13,Chile,Lima,54,M
776,Cliente 776,2022-02-14,Peru,Arequipa,32,F
777,Cliente 777,2022-02-15,Peru,Trujillo,61,M
778,Cliente 778,2022-02-16,Mexico,Cusco,53,M
779,Cliente 779,2022-02-17,Mexico,Lima,32,M
780,Cliente 780,2022-02-18,Colombia,Arequipa,60,F
781,Cliente 781,2022-02-19,Peru,Piura,65,F
782,Cliente 782,2022-02-20,Colombia,Lima,40,M
783,Cliente 783,2022-02-21,Mexico,Lima,23,M
784,Cliente 784,2022-02-22,Mexico,Arequipa,63,F
785,Cliente 785,2022-02-23,Chile,Lima,67,F
786,Cliente 786,2022-02-24,Peru,Piura,61,M
787,Cliente 787,2022-02-25,Colombia,Lima,60,M
788,Cliente 788,2022-02-26,Mexico,Piura,62,F
789,Cliente 789,2022-02-27,Mexico,Arequipa,38,F
790,Cliente 790,2022-02-28,Colombia,Cusco,40,F
791,Cliente 791,2022-03-01,Chile,Lima,60,F
792,Cliente 792,2022-03-02,Mexico,Cusco,33,F
793,Cliente 793,2022-03-03,Peru,Piura,64,M
794,Cliente 794,2022-03-04,Mexico,Lima,32,F
795,Cliente 795,2022-03-05,Peru,Trujillo,42,M
796,Cliente 796,2022-03-06,Colombia,Cusco,53,F
797,Cliente 797,2022-03-07,Peru,Lima,28,M
798,Cliente 798,2022-03-08,Colombia,Cusco,68,F
799,Cliente 799,2022-03-09,Peru,Lima,32,F
800,Cliente 800,2022-03-10,Colombia,Arequipa,21,M
